Seasons;Correlation
1;0.953333333
2;0.923333333
3;0.89
4;0.846666667
5;0.796666667
6;0.733333333
7;0.66
8;0.586666667
9;0.533333333
10;0.51
