Lead,SeasonalMean
1,0.3
2,0.363333333333333
3,0.43
4,0.503333333333333
5,0.58
6,0.653333333333333
7,0.723333333333333
8,0.79
9,0.846666666666667
10,0.883333333333333
